	north	south	west
north		0.0375718	0.095393
south			0.0837015
