	caes	duse	miss	para	send
caes		0.311523	0.358923	0.332299	0.313251
duse			0.277794	0.254826	0.226245
miss				0.312102	0.267333
para					0.263847
