	north	south	west
north		0.0334499	0.0930825
south			0.0848333
