	Preit	Psaxi	Psche	Pteri
Preit		0.137357	0.257581	0.303482
Psaxi			0.270997	0.311103
Psche				0.227311
