	north	south	west
north		0.0337591	0.0902839
south			0.0818767
