	Preit	Psaxi	Psche	Pteri
Preit		0.15659	0.436855	0.44726
Psaxi			0.391439	0.351139
Psche				0.261012
