# Locus ID	Pop 1 ID	Pop 2 ID	Chr	BP	Column	Fisher's P	Odds Ratio	CI Low	CI High	LOD	AMOVA Fst	Smoothed AMOVA Fst	Smoothed AMOVA Fst P-value
998	Preit	Psaxi	un	936	19	0.046835156	4.37143	1.07417	17.78999	0.64062	0.11773	-1.00000	-1.00000
3637	Preit	Psaxi	un	2110	68	0.129445235	5.76923	0.54454	61.12372	0.76112	0.09524	-1.00000	-1.00000
4055	Preit	Psaxi	un	2467	19	1.000000000	0.80000	0.06662	9.60737	0.09691	0.01577	-1.00000	-1.00000
4384	Preit	Psaxi	un	2749	96	0.000258094	20.80000	2.34643	184.38184	1.31806	0.35714	-1.00000	-1.00000
4639	Preit	Psaxi	un	2873	16	0.002100840	18.75000	1.95306	180.00630	1.27300	0.32258	-1.00000	-1.00000
7389	Preit	Psaxi	un	4146	56	0.129445235	5.76923	0.54454	61.12372	0.76112	0.09524	-1.00000	-1.00000
7786	Preit	Psaxi	un	4353	57	0.144444444	5.30769	0.49956	56.39312	0.72491	0.09244	-1.00000	-1.00000
