	caes	duse	miss	para	send
caes		0.298854	0.349264	0.326393	0.307249
duse			0.269332	0.246652	0.220486
miss				0.309659	0.260704
para					0.260157
