	Preit	Psaxi	Psche	Pteri
Preit		0.160279	0.248162	0.298703
Psaxi			0.272687	0.337057
Psche				0.258311
