	caes	duse	miss	para	send
caes		0.333717	0.37959	0.348558	0.333847
duse			0.300135	0.27621	0.253962
miss				0.331219	0.290427
para					0.285896
