	north	south	west
north		0.0325209	0.0938914
south			0.0875675
