	caes	duse	miss	para	send
caes		0.296626	0.34764	0.331146	0.309006
duse			0.263621	0.242609	0.218115
miss				0.313062	0.259017
para					0.260631
