	north	west	south
north		0.0617509	0.0242501
west			0.0540773
