	north	west	south
north		0.0692984	0.0278139
west			0.0606936
