	north	west	south
north		0.0709321	0.0281588
west			0.0615993
