	north	west	south
north		0.0584453	0.0252884
west			0.047931
