	north	west	south
north		0.0737603	0.0284956
west			0.0640978
