	north	west	south
north		0.0700569	0.0280348
west			0.0615792
