	Preit	Psaxi	Psche	Pteri
Preit		0.0954777	0.147869	0.178141
Psaxi			0.158424	0.198265
Psche				0.16145
