	Preit	Psaxi	Psche	Pteri
Preit		0.108201	0.177384	0.219539
Psaxi			0.188703	0.238278
Psche				0.195979
