	Preit	Psaxi	Psche	Pteri
Preit		0.108722	0.169272	0.203361
Psaxi			0.180501	0.219603
Psche				0.182603
