	Preit	Psaxi	Psche	Pteri
Preit		0.0811142	0.146213	0.171095
Psaxi			0.147981	0.183853
Psche				0.149353
