	Preit	Psaxi	Psche	Pteri
Preit		0.105915	0.17291	0.208665
Psaxi			0.184038	0.22584
Psche				0.184786
