	Preit	Psaxi	Psche	Pteri
Preit		0.109861	0.169902	0.200147
Psaxi			0.18379	0.218253
Psche				0.185355
