	caes	duse	miss	para	send
caes		0.284399	0.326629	0.294372	0.279801
duse			0.259621	0.232129	0.209492
miss				0.284871	0.247561
para					0.235928
