	caes	duse	miss	para	send
caes		0.290139	0.330099	0.300132	0.287995
duse			0.256369	0.232223	0.211874
miss				0.280366	0.246635
para					0.23815
