	caes	duse	miss	para	send
caes		0.286512	0.329916	0.303994	0.288977
duse			0.258368	0.236788	0.21685
miss				0.286656	0.253243
para					0.245663
