	caes	duse	miss	para	send
caes		0.229984	0.256842	0.243492	0.227088
duse			0.222234	0.21053	0.186639
miss				0.246755	0.212248
para					0.211541
