	caes	duse	miss	para	send
caes		0.259778	0.307393	0.260791	0.252283
duse			0.243456	0.209944	0.182711
miss				0.267278	0.223061
para					0.207828
