	caes	duse	miss	para	send
caes		0.289028	0.328458	0.297909	0.285893
duse			0.254703	0.232226	0.212627
miss				0.281561	0.245415
para					0.235525
