	Preit	Psaxi	Psche	Pteri
Preit		0.1543	0.339409	0.376435
Psaxi			0.307157	0.316904
Psche				0.221702
