# Locus ID	Pop 1 ID	Pop 2 ID	Chr	BP	Column	Fisher's P	Odds Ratio	CI Low	CI High	LOD	AMOVA Fst	Smoothed AMOVA Fst	Smoothed AMOVA Fst P-value
2	Preit	Psaxi	un	94	93	0.744869675	0.75000	0.19897	2.82708	0.12494	0.00476	-1.00000	-1.00000
998	Preit	Psaxi	un	2168	19	0.046835156	4.37143	1.07417	17.78999	0.64062	0.11773	-1.00000	-1.00000
1065	Preit	Psaxi	un	2333	82	0.129445235	5.76923	0.54454	61.12372	0.76112	0.09524	-1.00000	-1.00000
1104	Preit	Psaxi	un	2391	38	0.700445250	1.50000	0.32981	6.82202	0.17609	0.00769	-1.00000	-1.00000
2278	Preit	Psaxi	un	3406	33	0.129445235	5.76923	0.54454	61.12372	0.76112	0.09524	-1.00000	-1.00000
3637	Preit	Psaxi	un	4564	68	0.129445235	5.76923	0.54454	61.12372	0.76112	0.09524	-1.00000	-1.00000
4055	Preit	Psaxi	un	5023	19	1.000000000	0.80000	0.06662	9.60737	0.09691	0.01577	-1.00000	-1.00000
4384	Preit	Psaxi	un	5305	96	0.000258094	20.80000	2.34643	184.38184	1.31806	0.35714	-1.00000	-1.00000
4639	Preit	Psaxi	un	5429	16	0.002100840	18.75000	1.95306	180.00630	1.27300	0.32258	-1.00000	-1.00000
4680	Preit	Psaxi	un	5662	47	0.511111111	0.46667	0.04414	4.93362	0.33099	0.03743	-1.00000	-1.00000
4989	Preit	Psaxi	un	5921	2	0.000012281	41.66667	4.43370	391.57147	1.61979	0.53202	-1.00000	-1.00000
5196	Preit	Psaxi	un	6277	48	0.283072546	0.36667	0.03722	3.61182	0.43573	0.05000	-1.00000	-1.00000
5357	Preit	Psaxi	un	6569	34	0.013161683	0.11111	0.01248	0.98930	0.95424	0.18182	-1.00000	-1.00000
5544	Preit	Psaxi	un	6740	1	0.006009650	11.33333	2.03609	63.08374	1.05436	0.27734	-1.00000	-1.00000
6112	Preit	Psaxi	un	7172	25	0.000271944	25.00000	2.69863	231.59911	1.39794	0.38710	-1.00000	-1.00000
6177	Preit	Psaxi	un	7418	59	1.000000000	1.09091	0.08916	13.34776	0.03779	0.01263	-1.00000	-1.00000
7389	Preit	Psaxi	un	8437	56	0.129445235	5.76923	0.54454	61.12372	0.76112	0.09524	-1.00000	-1.00000
7786	Preit	Psaxi	un	8644	57	0.144444444	5.30769	0.49956	56.39312	0.72491	0.09244	-1.00000	-1.00000
